"table-cell","table-cell 2","table-cell href","table-cell 3","table-cell 4","table-cell 5","table-cell 6","table-cell 7"
"1","Elon Musk","https://www.bloomberg.com/billionaires/profiles/elon-r-musk/","$619B","-$3.30B","+$187B","United States","Technology"
"2","Larry Page","https://www.bloomberg.com/billionaires/profiles/lawrence-e-page/","$269B","-$699M","+$101B","United States","Technology"
"3","Jeff Bezos","https://www.bloomberg.com/billionaires/profiles/jeffrey-p-bezos/","$253B","-$1.52B","+$14.6B","United States","Technology"
"4","Sergey Brin","https://www.bloomberg.com/billionaires/profiles/sergey-m-brin/","$250B","-$646M","+$91.8B","United States","Technology"
"5","Larry Ellison","https://www.bloomberg.com/billionaires/profiles/lawrence-j-ellison/","$247B","-$2.45B","+$55.2B","United States","Technology"
"6","Mark Zuckerberg","https://www.bloomberg.com/billionaires/profiles/mark-e-zuckerberg/","$233B","-$2.03B","+$26.0B","United States","Technology"
"7","Bernard Arnault","https://www.bloomberg.com/billionaires/profiles/bernard-j-arnault/","$208B","+$1.60B","+$31.6B","France","Consumer"
"8","Steve Ballmer","https://www.bloomberg.com/billionaires/profiles/steven-a-ballmer/","$168B","-$1.25B","+$21.9B","United States","Technology"
"9","Jensen Huang","https://www.bloomberg.com/billionaires/profiles/jenhsun-huang/","$154B","-$844M","+$40.1B","United States","Technology"
"10","Warren Buffett","https://www.bloomberg.com/billionaires/profiles/warren-e-buffett/","$151B","-$102M","+$9.44B","United States","Diversified"
"11","Michael Dell","https://www.bloomberg.com/billionaires/profiles/michael-s-dell/","$140B","-$1.17B","+$16.3B","United States","Technology"
"12","Jim Walton","https://www.bloomberg.com/billionaires/profiles/jim-c-walton/","$136B","-$537M","+$24.1B","United States","Retail"
"13","Amancio Ortega","https://www.bloomberg.com/billionaires/profiles/amancio-ortega-gaona/","$136B","-$613M","+$34.6B","Spain","Retail"
"14","Rob Walton","https://www.bloomberg.com/billionaires/profiles/samuel-r-walton/","$134B","-$516M","+$23.8B","United States","Retail"
"15","Alice Walton","https://www.bloomberg.com/billionaires/profiles/alice-l-walton/","$133B","-$514M","+$23.8B","United States","Retail"
"16","Bill Gates","https://www.bloomberg.com/billionaires/profiles/william-h-gates/","$117B","-$719M","-$41.6B","United States","Technology"
"17","Carlos Slim","https://www.bloomberg.com/billionaires/profiles/carlos-slim-helu/","$111B","-$305M","+$31.8B","Mexico","Diversified"
"18","Mukesh Ambani","https://www.bloomberg.com/billionaires/profiles/mukesh-d-ambani/","$108B","+$1.91B","+$17.1B","India","Energy"
"19","Francoise Bettencourt Meyers","https://www.bloomberg.com/billionaires/profiles/francoise-bettencourt-meyers/","$92.6B","-$101M","+$18.2B","France","Consumer"
"20","Gautam Adani","https://www.bloomberg.com/billionaires/profiles/gautam-s-adani/","$84.5B","+$141M","+$5.76B","India","Industrial"
"21","Julia Flesher Koch & family","https://www.bloomberg.com/billionaires/profiles/julia-f-koch/","$77.4B","-$240M","+$4.44B","United States","Industrial"
"22","Thomas Peterffy","https://www.bloomberg.com/billionaires/profiles/thomas-peterffy/","$77.1B","-$797M","+$23.9B","United States","Finance"
"23","Charles Koch","https://www.bloomberg.com/billionaires/profiles/charles-d-koch/","$69.4B","-$219M","+$3.74B","United States","Industrial"
"24","Zhong Shanshan","https://www.bloomberg.com/billionaires/profiles/shanshan-zhong/","$69.3B","-$1.16B","+$14.3B","China","Diversified"
"25","Ma Huateng","https://www.bloomberg.com/billionaires/profiles/huateng-ma/","$66.1B","-$131M","+$17.8B","China","Technology"
"26","Zhang Yiming","https://www.bloomberg.com/billionaires/profiles/yiming-zhang/","$65.2B","$0","+$21.3B","China","Technology"
"27","Jeff Yass","https://www.bloomberg.com/billionaires/profiles/jeffrey-s-yass/","$63.3B","-$2.06M","+$17.4B","United States","Finance"
"28","German Larrea","https://www.bloomberg.com/billionaires/profiles/german-l-motavelasco/","$60.1B","+$133M","+$27.3B","Mexico","Commodities"
"29","Zeng Yuqun","https://www.bloomberg.com/billionaires/profiles/yuqun-zeng/","$56.3B","-$235M","+$17.6B","Hong Kong","Industrial"
"30","Giovanni Ferrero & family","https://www.bloomberg.com/billionaires/profiles/giovanni-ferrero/","$55.6B","-$168M","+$19.8B","Italy","Food & Beverage"
"31","Tadashi Yanai","https://www.bloomberg.com/billionaires/profiles/tadashi-yanai/","$55.1B","-$131M","+$4.17B","Japan","Retail"
"32","Stephen Schwarzman","https://www.bloomberg.com/billionaires/profiles/stephen-a-schwarzman/","$53.1B","-$163M","-$335M","United States","Finance"
"33","Eric Schmidt","https://www.bloomberg.com/billionaires/profiles/eric-e-schmidt/","$53.0B","-$137M","+$16.8B","United States","Technology"
"34","Iris Fontbona & family","https://www.bloomberg.com/billionaires/profiles/iris-fontbona/","$50.0B","-$399M","+$21.5B","Chile","Commodities"
"35","Changpeng Zhao","https://www.bloomberg.com/billionaires/profiles/changpeng-zhao/","$49.7B","-$982M","-$3.65B","Canada","Finance"
"36","Ken Griffin","https://www.bloomberg.com/billionaires/profiles/kenneth-c-griffin/","$48.3B","$0","+$6.91B","United States","Finance"
"37","Jacqueline Badger Mars","https://www.bloomberg.com/billionaires/profiles/jacqueline-b-mars/","$48.1B","-$211M","+$4.94B","United States","Food & Beverage"
"38","John Mars","https://www.bloomberg.com/billionaires/profiles/john-f-mars/","$48.1B","-$211M","+$4.94B","United States","Food & Beverage"
"39","Lukas Walton","https://www.bloomberg.com/billionaires/profiles/lukas-t-walton/","$47.0B","-$188M","+$8.33B","United States","Retail"
"40","Abigail Johnson","https://www.bloomberg.com/billionaires/profiles/abigail-p-johnson/","$46.5B","-$440M","+$4.73B","United States","Finance"
"41","Miriam Adelson","https://www.bloomberg.com/billionaires/profiles/miriam-o-adelson/","$46.5B","-$3.87M","+$9.29B","United States","Entertainment"
"42","Prajogo Pangestu","https://www.bloomberg.com/billionaires/profiles/prajogo-pangestu/","$46.1B","+$218M","+$16.4B","Indonesia","Energy"
"43","Jack Ma","https://www.bloomberg.com/billionaires/profiles/jack-y-ma/","$45.2B","-$99.9M","+$11.0B","China","Technology"
"44","William Ding","https://www.bloomberg.com/billionaires/profiles/ding-lei/","$44.1B","-$821M","+$15.3B","China","Technology"
"45","Alain Wertheimer","https://www.bloomberg.com/billionaires/profiles/alain-e-wertheimer/","$43.5B","-$51.9M","-$929M","France","Consumer"
"46","Gerard Wertheimer","https://www.bloomberg.com/billionaires/profiles/gerard-p-wertheimer/","$43.5B","-$51.9M","-$929M","France","Consumer"
"47","Zhang Bo","https://www.bloomberg.com/billionaires/profiles/bo-zhang/","$42.8B","+$402M","+$22.6B","China","Industrial"
"48","Klaus-Michael Kuehne","https://www.bloomberg.com/billionaires/profiles/klausmichael-kuehne/","$41.5B","-$28.6M","+$3.05B","Germany","Industrial"
"49","Dieter Schwarz","https://www.bloomberg.com/billionaires/profiles/dieter-schwarz/","$41.2B","-$3.51M","+$9.60B","Germany","Retail"
"50","Thomas Frist","https://www.bloomberg.com/billionaires/profiles/thomas-f-frist/","$40.6B","-$469M","+$12.9B","United States","Health Care"
"51","MacKenzie Scott","https://www.bloomberg.com/billionaires/profiles/mackenzie-scott/","$40.3B","-$162M","+$191M","United States","Technology"
"52","Colin Huang","https://www.bloomberg.com/billionaires/profiles/zheng-huang/","$40.0B","-$148M","+$5.78B","China","Technology"
"53","Rodolphe Saade & family","https://www.bloomberg.com/billionaires/profiles/rodolphe-saade/","$38.5B","-$25.0M","+$8.65B","France","Services"
"54","He Xiangjian","https://www.bloomberg.com/billionaires/profiles/xiangjian-he/","$38.3B","-$198M","+$5.59B","China","Consumer"
"55","Len Blavatnik","https://www.bloomberg.com/billionaires/profiles/leonard-blavatnik/","$38.0B","+$35.3M","-$1.24B","United States","Diversified"
"56","Li Ka-shing","https://www.bloomberg.com/billionaires/profiles/kashing-li/","$37.8B","-$115M","+$7.95B","Hong Kong","Real Estate"
"57","Gianluigi Aponte","https://www.bloomberg.com/billionaires/profiles/gianluigi-aponte/","$37.7B","-$162M","+$10.3B","Switzerland","Services"
"58","Shiv Nadar","https://www.bloomberg.com/billionaires/profiles/shiv-nadar/","$37.5B","+$119M","-$5.56B","India","Technology"
"59","Gina Rinehart","https://www.bloomberg.com/billionaires/profiles/georgina-h-rinehart/","$37.3B","-$335M","+$12.3B","Australia","Commodities"
"60","Dan Gilbert","https://www.bloomberg.com/billionaires/profiles/daniel-gilbert/","$36.1B","-$846M","+$10.1B","United States","Real Estate"
"61","Ernesto Bertarelli & family","https://www.bloomberg.com/billionaires/profiles/ernesto-bertarelli/","$35.9B","-$125M","+$9.28B","Switzerland","Diversified"
"62","Masayoshi Son","https://www.bloomberg.com/billionaires/profiles/masayoshi-son/","$35.9B","-$66.2M","+$20.0B","Japan","Technology"
"63","Eduardo Saverin","https://www.bloomberg.com/billionaires/profiles/eduardo-l-saverin/","$35.8B","-$317M","+$4.02B","Brazil","Technology"
"64","Shapoor Mistry","https://www.bloomberg.com/billionaires/profiles/shapoor-p-mistry/","$35.2B","-$93.4M","-$3.40B","India","Industrial"
"65","Lei Jun","https://www.bloomberg.com/billionaires/profiles/jun-lei/","$33.7B","-$48.4M","+$4.03B","China","Technology"
"66","Robert Pera","https://www.bloomberg.com/billionaires/profiles/robert-j-pera/","$33.5B","-$465M","+$13.1B","United States","Technology"
"67","Mark Mateschitz","https://www.bloomberg.com/billionaires/profiles/mark-d-mateschitz/","$33.2B","-$248M","+$12.4B","Austria","Food & Beverage"
"68","Susanne Klatten","https://www.bloomberg.com/billionaires/profiles/susanne-klatten/","$32.6B","-$62.2M","+$8.28B","Germany","Industrial"
"69","Savitri Jindal","https://www.bloomberg.com/billionaires/profiles/savitri-d-jindal/","$32.3B","+$713M","-$1.18M","India","Commodities"
"70","Henry Samueli","https://www.bloomberg.com/billionaires/profiles/henry-s-samueli/","$32.3B","-$297M","+$8.63B","United States","Technology"
"71","Lakshmi Mittal","https://www.bloomberg.com/billionaires/profiles/lakshmi-n-mittal/","$31.5B","+$112M","+$11.9B","India","Commodities"
"72","David Sun","https://www.bloomberg.com/billionaires/profiles/david-sun/","$31.1B","+$1.36B","+$17.3B","United States","Technology"
"73","John Tu","https://www.bloomberg.com/billionaires/profiles/john-tu/","$31.1B","+$1.36B","+$17.3B","United States","Technology"
"74","Idan Ofer","https://www.bloomberg.com/billionaires/profiles/idan-ofer/","$30.7B","-$3.27M","+$2.25B","Israel","Energy"
"75","Eyal Ofer","https://www.bloomberg.com/billionaires/profiles/eyal-m-ofer/","$30.7B","-$117M","+$4.22B","Monaco","Diversified"
"76","Phil Knight & family","https://www.bloomberg.com/billionaires/profiles/philip-h-knight/","$30.4B","+$732M","-$4.00B","United States","Consumer"
"77","Aliko Dangote","https://www.bloomberg.com/billionaires/profiles/aliko-dangote/","$30.0B","+$11.6M","+$1.91B","Nigeria","Industrial"
"78","Zhang Xuexin","https://www.bloomberg.com/billionaires/profiles/xuexin-zhang/","$29.8B","+$51.2M","+$16.8B","China","Industrial"
"79","Pham Nhat Vuong","https://www.bloomberg.com/billionaires/profiles/nhat-vuong-pham/","$29.8B","+$1.12B","+$24.5B","Viet Nam","Real Estate"
"80","Sunil Mittal","https://www.bloomberg.com/billionaires/profiles/sunil-b-mittal/","$29.7B","+$54.2M","+$5.89B","India","Media & Telecom"
"81","Andy Bechtolsheim","https://www.bloomberg.com/billionaires/profiles/andreas-von-bechtolsheim/","$29.7B","-$258M","+$4.71B","Germany","Technology"
"82","Liu Yongxing","https://www.bloomberg.com/billionaires/profiles/yongxing-liu/","$28.4B","-$2.83M","+$14.7B","China","Industrial"
"83","Hasso Plattner","https://www.bloomberg.com/billionaires/profiles/hasso-plattner/","$28.4B","-$23.4M","+$2.65B","Germany","Technology"
"84","Stefan Quandt","https://www.bloomberg.com/billionaires/profiles/stefan-quandt/","$28.3B","-$1.06M","+$7.45B","Germany","Industrial"
"85","Andrew Forrest","https://www.bloomberg.com/billionaires/profiles/andrew-j-forrest/","$28.2B","-$138M","+$6.16B","Australia","Commodities"
"86","Azim Premji","https://www.bloomberg.com/billionaires/profiles/azim-h-premji/","$27.4B","-$7.91M","-$3.48B","India","Technology"
"87","Jorge Paulo Lemann","https://www.bloomberg.com/billionaires/profiles/jorge-p-lemann/","$27.2B","-$44.5M","+$6.05B","Brazil","Food & Beverage"
"88","Henry Cheng","https://www.bloomberg.com/billionaires/profiles/kar-shun-cheng/","$27.0B","-$32.9M","+$7.98B","Hong Kong","Retail"
"89","Stan Kroenke","https://www.bloomberg.com/billionaires/profiles/enos-s-kroenke/","$26.8B","$0","+$6.10B","United States","Real Estate"
"90","Rick Cohen","https://www.bloomberg.com/billionaires/profiles/richard-b-cohen/","$26.5B","-$286M","+$12.1B","United States","Consumer"
"91","Vladimir Potanin","https://www.bloomberg.com/billionaires/profiles/vladimir-o-potanin/","$26.4B","-$45.6M","-$1.44B","Russian Federation","Commodities"
"92","Vicky Safra","https://www.bloomberg.com/billionaires/profiles/vicky-safra/","$26.4B","-$72.0M","+$5.99B","Greece","Finance"
"93","Alexey Mordashov","https://www.bloomberg.com/billionaires/profiles/alexey-a-mordashov/","$26.3B","+$150M","+$3.02B","Russian Federation","Industrial"
"94","Huang Shilin","https://www.bloomberg.com/billionaires/profiles/shilin-huang/","$26.2B","-$108M","+$8.10B","China","Industrial"
"95","Peter Thiel","https://www.bloomberg.com/billionaires/profiles/peter-a-thiel/","$26.2B","-$276M","+$10.1B","United States","Finance"
"96","Izzy Englander","https://www.bloomberg.com/billionaires/profiles/israel-englander/","$26.2B","$0","+$12.8B","United States","Finance"
"97","Elaine Marshall","https://www.bloomberg.com/billionaires/profiles/elaine-t-marshall/","$25.9B","-$83.3M","+$1.12B","United States","Industrial"
"98","Ernie Garcia","https://www.bloomberg.com/billionaires/profiles/ernie-garcia/","$25.9B","-$321M","+$10.9B","United States","Consumer"
"99","Jaime Gilinski","https://www.bloomberg.com/billionaires/profiles/jaime-g-bacal/","$25.6B","-$1.83M","+$16.7B","Colombia","Finance"
"100","Stefan Persson","https://www.bloomberg.com/billionaires/profiles/stefan-persson/","$25.5B","-$57.1M","+$8.95B","Sweden","Retail"
"101","Dilip Shanghvi","https://www.bloomberg.com/billionaires/profiles/dilip-s-shanghvi/","$25.4B","-$28.2M","-$4.01B","India","Health Care"
"102","Lyndal Stephens Greth","https://www.bloomberg.com/billionaires/profiles/lyndal-s-greth/","$25.4B","-$119M","+$677M","United States","Energy"
"103","Adam Foroughi","https://www.bloomberg.com/billionaires/profiles/adam-foroughi/","$25.1B","-$714M","+$13.0B","United States","Technology"
"104","Zhang Zhidong","https://www.bloomberg.com/billionaires/profiles/zhidong-zhang/","$25.0B","-$25.4M","+$5.82B","China","Technology"
"105","Philip Anschutz","https://www.bloomberg.com/billionaires/profiles/philip-f-anschutz/","$24.7B","-$99.5M","+$3.67B","United States","Diversified"
"106","Andrea Pignataro","https://www.bloomberg.com/billionaires/profiles/andrea-pignataro/","$24.4B","-$237M","+$3.75B","Italy","Finance"
"107","Vladimir Lisin","https://www.bloomberg.com/billionaires/profiles/vladimir-lisin/","$23.7B","+$73.1M","-$2.08B","Russian Federation","Industrial"
"108","Wang Chuan-Fu","https://www.bloomberg.com/billionaires/profiles/chuanfu-wang/","$23.7B","-$407M","+$2.59B","China","Consumer"
"109","Leonid Mikhelson","https://www.bloomberg.com/billionaires/profiles/leonid-v-mikhelson/","$23.7B","-$125M","+$1.35B","Russian Federation","Energy"
"110","Chen Tianshi","https://www.bloomberg.com/billionaires/profiles/tianshi-chen/","$23.3B","-$1.01B","+$12.5B","China","Technology"
"111","David Tepper","https://www.bloomberg.com/billionaires/profiles/david-a-tepper/","$23.3B","$0","+$2.10B","United States","Finance"
"112","Takemitsu Takizaki","https://www.bloomberg.com/billionaires/profiles/takemitsu-takizaki/","$23.1B","-$27.6M","-$895M","Japan","Technology"
"113","Kumar Birla","https://www.bloomberg.com/billionaires/profiles/kumar-m-birla/","$23.0B","-$31.9M","+$4.03B","India","Industrial"
"114","Vagit Alekperov","https://www.bloomberg.com/billionaires/profiles/vagit-y-alekperov/","$22.6B","$0","-$2.72B","Russian Federation","Energy"
"115","Low Tuck Kwong","https://www.bloomberg.com/billionaires/profiles/low-t-kwong/","$22.0B","+$92.5M","-$5.90B","Indonesia","Energy"
"116","Christy Walton","https://www.bloomberg.com/billionaires/profiles/christy-r-walton/","$21.9B","-$81.3M","+$4.40B","United States","Retail"
"117","Sukanto Tanoto","https://www.bloomberg.com/billionaires/profiles/sukanto-tanoto/","$21.7B","-$14.6M","+$1.32B","Indonesia","Commodities"
"118","Qin Yinglin","https://www.bloomberg.com/billionaires/profiles/yinglin-qin/","$21.5B","-$104M","+$7.08B","China","Food & Beverage"
"119","Zhong Huijuan","https://www.bloomberg.com/billionaires/profiles/huijuan-zhong/","$21.2B","-$327M","+$11.0B","China","Health Care"
"120","Robert Kuok","https://www.bloomberg.com/billionaires/profiles/robert-kuok-hock-nien/","$21.1B","-$19.5M","+$3.74B","Malaysia","Diversified"
"121","Harry Triguboff","https://www.bloomberg.com/billionaires/profiles/harry-triguboff/","$21.1B","$0","+$3.30B","Australia","Real Estate"
"122","Donald Newhouse","https://www.bloomberg.com/billionaires/profiles/donald-e-newhouse/","$21.0B","-$103M","+$2.36B","United States","Media & Telecom"
"123","Ludwig Merckle","https://www.bloomberg.com/billionaires/profiles/ludwig-merckle/","$21.0B","-$149M","+$11.0B","Germany","Industrial"
"124","Francois Pinault","https://www.bloomberg.com/billionaires/profiles/francois-pinault/","$21.0B","+$32.3M","-$624M","France","Consumer"
"125","Jan Koum","https://www.bloomberg.com/billionaires/profiles/jan-koum/","$20.9B","$0","+$3.48B","United States","Technology"
"126","Galen G Weston","https://www.bloomberg.com/billionaires/profiles/willard-g-weston/","$20.5B","+$2.21M","+$2.56B","Canada","Retail"
"127","John Menard","https://www.bloomberg.com/billionaires/profiles/john-r-menard/","$20.4B","-$114M","-$2.52B","United States","Retail"
"128","Rupert Murdoch & family","https://www.bloomberg.com/billionaires/profiles/keith-r-murdoch/","$20.0B","-$58.3M","+$8.19B","United States","Media & Telecom"
"129","Jerry Jones","https://www.bloomberg.com/billionaires/profiles/jerral-w-jones/","$19.8B","-$137M","+$3.88B","United States","Entertainment"
"130","Ray Dalio","https://www.bloomberg.com/billionaires/profiles/raymond-t-dalio/","$19.7B","$0","+$3.44B","United States","Finance"
"131","Yu Yong","https://www.bloomberg.com/billionaires/profiles/yong-yu/","$19.7B","-$350M","+$10.9B","China","Finance"
"132","Xu Yangtian","https://www.bloomberg.com/billionaires/profiles/yangtian-xu/","$19.5B","$0","-$1.95B","China","Retail"
"133","Johann Rupert & family","https://www.bloomberg.com/billionaires/profiles/johann-p-rupert/","$19.5B","-$2.36M","+$5.81B","South Africa","Diversified"
"134","Charles Butt & family","https://www.bloomberg.com/billionaires/profiles/charles-c-butt/","$19.3B","-$404M","+$4.02B","United States","Retail"
"135","Budi Hartono","https://www.bloomberg.com/billionaires/profiles/r-b-hartono/","$19.3B","+$96.1M","-$3.30B","Indonesia","Diversified"
"136","Alisher Usmanov","https://www.bloomberg.com/billionaires/profiles/alisher-usmanov/","$19.3B","+$67.7M","+$6.04B","Russian Federation","Diversified"
"137","George Roberts","https://www.bloomberg.com/billionaires/profiles/george-r-roberts/","$19.2B","-$121M","-$935M","United States","Finance"
"138","Sherry Brydson","https://www.bloomberg.com/billionaires/profiles/sherry-e-brydson/","$19.1B","-$96.8M","-$42.5M","Canada","Media & Telecom"
"139","Andrey Melnichenko","https://www.bloomberg.com/billionaires/profiles/andrey-melnichenko/","$18.9B","+$127M","-$1.27B","Russian Federation","Industrial"
"140","Henry Kravis","https://www.bloomberg.com/billionaires/profiles/henry-r-kravis/","$18.9B","-$113M","-$139M","United States","Finance"
"141","Paolo Rocca & family","https://www.bloomberg.com/billionaires/profiles/paolo-m-rocca/","$18.7B","-$20.2M","+$4.02B","Italy","Commodities"
"142","Leon Black","https://www.bloomberg.com/billionaires/profiles/leon-d-black/","$18.6B","-$103M","+$3.85B","United States","Finance"
"143","Micky Arison","https://www.bloomberg.com/billionaires/profiles/micky-m-arison/","$18.4B","-$24.0M","+$3.67B","United States","Entertainment"
"144","Dietmar Hopp","https://www.bloomberg.com/billionaires/profiles/dietmar-hopp/","$17.8B","-$12.9M","+$1.35B","Germany","Technology"
"145","Michael Hartono","https://www.bloomberg.com/billionaires/profiles/michael-b-hartono/","$17.7B","+$92.3M","-$3.29B","Indonesia","Diversified"
"146","Reinhold Wuerth","https://www.bloomberg.com/billionaires/profiles/reinhold-wurth/","$17.7B","-$140M","-$3.62B","Germany","Industrial"
"147","Tom Gores","https://www.bloomberg.com/billionaires/profiles/tom-t-gores/","$17.5B","$0","+$2.73B","United States","Finance"
"148","Donald Bren","https://www.bloomberg.com/billionaires/profiles/donald-l-bren/","$17.5B","$0","+$91.8M","United States","Real Estate"
"149","Steve Cohen","https://www.bloomberg.com/billionaires/profiles/steven-a-cohen/","$17.5B","-$632k","+$2.68B","United States","Finance"
"150","Alejandro Santo Domingo & family","https://www.bloomberg.com/billionaires/profiles/alejandro-santo-domingo/","$17.4B","-$4.94M","+$3.70B","Colombia","Food & Beverage"
"151","Alex Karp","https://www.bloomberg.com/billionaires/profiles/alexander-c-karp/","$17.4B","-$261M","+$10.1B","United States","Technology"
"152","Melinda French Gates","https://www.bloomberg.com/billionaires/profiles/melinda-french-gates/","$17.4B","-$38.9M","+$2.43B","United States","Diversified"
"153","Jay Y. Lee","https://www.bloomberg.com/billionaires/profiles/jaeyong-lee/","$17.3B","-$74.3M","+$8.85B","Korea, Republic of","Diversified"
"154","Charlene de Carvalho-Heineken","https://www.bloomberg.com/billionaires/profiles/charlene-l-de-carvalhoheineken/","$17.3B","-$8.77M","+$3.98B","Netherlands","Food & Beverage"
"155","Alwaleed Bin Talal","https://www.bloomberg.com/billionaires/profiles/alwaleed-b-al-saud/","$17.2B","+$46.3M","+$1.24B","Saudi Arabia","Diversified"
"156","Charles Schwab","https://www.bloomberg.com/billionaires/profiles/charles-r-schwab/","$17.1B","-$63.3M","+$3.86B","United States","Finance"
"157","Renata Kellnerova","https://www.bloomberg.com/billionaires/profiles/renata-kellnerova/","$17.1B","-$22.7M","+$3.28B","Czech Republic","Diversified"
"158","Torstein Hagen","https://www.bloomberg.com/billionaires/profiles/torstein-hagen/","$17.1B","-$168M","+$6.87B","Norway","Services"
"159","Diane Hendricks","https://www.bloomberg.com/billionaires/profiles/diane-m-hendricks/","$17.1B","-$194M","+$3.08B","United States","Services"
"160","James Dyson","https://www.bloomberg.com/billionaires/profiles/james-dyson/","$16.7B","-$109M","-$2.55B","United Kingdom","Consumer"
"161","Mikhail Prokhorov","https://www.bloomberg.com/billionaires/profiles/mikhail-prokhorov/","$16.6B","+$194k","+$1.70B","Russian Federation","Diversified"
"162","Charles Ergen","https://www.bloomberg.com/billionaires/profiles/charles-w-ergen/","$16.6B","-$96.3M","+$12.2B","United States","Media & Telecom"
"163","Radhakishan Damani","https://www.bloomberg.com/billionaires/profiles/radhakishan-damani/","$16.5B","+$107M","+$210M","India","Retail"
"164","Brad Jacobs","https://www.bloomberg.com/billionaires/profiles/bradley-s-jacobs/","$16.4B","-$696M","+$9.51B","United States","Services"
"165","Ralph Lauren","https://www.bloomberg.com/billionaires/profiles/ralph-lauren/","$16.4B","-$113M","+$4.22B","United States","Consumer"
"166","David Velez","https://www.bloomberg.com/billionaires/profiles/david-v-osorno/","$16.4B","-$131M","+$6.08B","Colombia","Finance"
"167","Uday Kotak","https://www.bloomberg.com/billionaires/profiles/uday-s-kotak/","$16.3B","+$265M","+$2.34B","India","Finance"
"168","Anthony Bamford & family","https://www.bloomberg.com/billionaires/profiles/anthony-bamford/","$16.2B","-$29.1M","+$4.59B","United Kingdom","Industrial"
"169","Andy Beal","https://www.bloomberg.com/billionaires/profiles/daniel-a-beal/","$16.1B","-$69.8M","+$2.36B","United States","Finance"
"170","Nancy Laurie","https://www.bloomberg.com/billionaires/profiles/nancy-w-laurie/","$16.0B","-$64.7M","+$3.02B","United States","Retail"
"171","Anthoni Salim","https://www.bloomberg.com/billionaires/profiles/anthoni-salim/","$16.0B","+$59.9M","+$3.09B","Indonesia","Diversified"
"172","Sandra Ortega Mera","https://www.bloomberg.com/billionaires/profiles/sandra-ortega-mera/","$15.8B","-$50.6M","+$3.83B","Spain","Retail"
"173","Lv Xiang-yang","https://www.bloomberg.com/billionaires/profiles/xiangyang-lv/","$15.7B","-$256M","+$2.57B","China","Consumer"
"174","Wang Ning","https://www.bloomberg.com/billionaires/profiles/ning-wang/","$15.6B","-$256M","+$8.00B","China","Consumer"
"175","Karl Albrecht Jr","https://www.bloomberg.com/billionaires/profiles/karl-albrecht/","$15.6B","-$1.33M","+$1.84B","Germany","Retail"
"176","Beate Heister","https://www.bloomberg.com/billionaires/profiles/beate-heister/","$15.6B","-$1.33M","+$1.84B","Germany","Retail"
"177","Martin Viessmann & family","https://www.bloomberg.com/billionaires/profiles/martin-viessmann/","$15.6B","-$89.7M","+$2.49B","Germany","Industrial"
"178","Cao Renxian","https://www.bloomberg.com/billionaires/profiles/renxian-cao/","$15.6B","-$690M","+$9.16B","China","Technology"
"179","Raymond Kwok","https://www.bloomberg.com/billionaires/profiles/pingluen-kwok/","$15.5B","-$36.0M","+$3.28B","Hong Kong","Real Estate"
"180","Pei Zhenhua","https://www.bloomberg.com/billionaires/profiles/zhenhua-pei/","$15.4B","-$102M","+$5.54B","China","Industrial"
"181","Arthur Dantchik","https://www.bloomberg.com/billionaires/profiles/arthur-dantchik/","$15.4B","-$767k","+$5.06B","United States","Finance"
"182","Stephen Ross","https://www.bloomberg.com/billionaires/profiles/stephen-m-ross/","$15.2B","-$5.41M","+$2.37B","United States","Real Estate"
"183","Peter Woo","https://www.bloomberg.com/billionaires/profiles/kwong-ching-woo/","$15.2B","-$203M","+$1.63B","Hong Kong","Real Estate"
"184","John Fredriksen","https://www.bloomberg.com/billionaires/profiles/john-fredriksen/","$15.1B","-$30.8M","+$3.83B","Cyprus","Industrial"
"185","Zhou Qunfei","https://www.bloomberg.com/billionaires/profiles/qunfei-zhou/","$15.0B","+$282M","+$4.57B","China","Technology"
"186","Andreas Struengmann","https://www.bloomberg.com/billionaires/profiles/andreas-struengmann/","$14.9B","-$4.05M","-$457M","Germany","Health Care"
"187","Thomas Struengmann","https://www.bloomberg.com/billionaires/profiles/thomas-struengmann/","$14.9B","-$29.1M","-$457M","Germany","Health Care"
"188","Orlando Bravo","https://www.bloomberg.com/billionaires/profiles/orlando-bravo/","$14.9B","-$73.5M","-$631M","United States","Finance"
"189","Ned Johnson IV","https://www.bloomberg.com/billionaires/profiles/edward-c-johnson/","$14.8B","-$106M","+$1.22B","United States","Finance"
"190","Cyrus Poonawalla","https://www.bloomberg.com/billionaires/profiles/cyrus-s-poonawalla/","$14.8B","+$26.0M","-$1.81B","India","Health Care"
"191","Wang Liping","https://www.bloomberg.com/billionaires/profiles/liping-wang/","$14.8B","-$366M","+$7.70B","China","Industrial"
"192","Elizabeth Johnson","https://www.bloomberg.com/billionaires/profiles/elizabeth-l-johnson/","$14.8B","-$110M","+$1.17B","United States","Finance"
"193","Francis Lui","https://www.bloomberg.com/billionaires/profiles/yiu-tung-lui/","$14.7B","+$68.7M","+$2.35B","Hong Kong","Diversified"
"194","Sammy Lee","https://www.bloomberg.com/billionaires/profiles/wai-sum-lee/","$14.7B","-$13.1M","+$678M","Hong Kong","Consumer"
"195","Thomas Kwok","https://www.bloomberg.com/billionaires/profiles/ping-kwong-kwok/","$14.7B","-$57.4M","+$2.91B","Hong Kong","Real Estate"
"196","Michal Strnad","https://www.bloomberg.com/billionaires/profiles/michal-strnad/","$14.7B","+$2.49M","+$5.54B","Czech Republic","Industrial"
"197","Leo Koguan","https://www.bloomberg.com/billionaires/profiles/leo-koguan/","$14.6B","-$178M","+$234M","United States","Technology"
"198","Terry Pegula","https://www.bloomberg.com/billionaires/profiles/terrence-m-pegula/","$14.6B","+$1.57M","+$2.27B","United States","Energy"
"199","Pierre Omidyar","https://www.bloomberg.com/billionaires/profiles/pierre-m-omidyar/","$14.6B","-$2.70M","+$2.48B","United States","Technology"
"200","Ann Kroenke","https://www.bloomberg.com/billionaires/profiles/ann-w-kroenke/","$14.5B","-$64.7M","+$2.77B","United States","Retail"
"201","Prince Hans-Adam II","https://www.bloomberg.com/billionaires/profiles/prince-hansadam/","$14.5B","-$5.74M","+$4.28B","Liechtenstein","Finance"
"202","Li Shu Fu","https://www.bloomberg.com/billionaires/profiles/li-shu-fu/","$14.4B","-$74.2M","+$1.17B","China","Industrial"
"203","Pavel Durov","https://www.bloomberg.com/billionaires/profiles/pavel-durov/","$14.4B","$0","+$3.38B","Russian Federation","Technology"
"204","Barry Lam","https://www.bloomberg.com/billionaires/profiles/paili-lam/","$14.3B","+$278M","+$1.26B","Taiwan","Technology"
"205","Jim Ratcliffe","https://www.bloomberg.com/billionaires/profiles/james-a-ratcliffe/","$14.3B","-$87.6M","+$1.09B","United Kingdom","Industrial"
"206","Xavier Niel","https://www.bloomberg.com/billionaires/profiles/xavier-b-niel/","$14.3B","-$11.8M","+$6.31B","France","Technology"
"207","Gennady Timchenko","https://www.bloomberg.com/billionaires/profiles/gennady-n-timchenko/","$14.3B","-$116M","+$3.29B","Russian Federation","Diversified"
"208","Nik Storonsky","https://www.bloomberg.com/billionaires/profiles/nikolay-storonsky/","$14.3B","$0","+$5.66B","United Kingdom","Finance"
"209","Chris Larsen","https://www.bloomberg.com/billionaires/profiles/christian-a-larsen/","$14.3B","-$155M","+$6.51B","United States","Technology"
"210","Jim Goodnight","https://www.bloomberg.com/billionaires/profiles/james-h-goodnight/","$14.3B","-$114M","-$1.21B","United States","Technology"
"211","K P Singh","https://www.bloomberg.com/billionaires/profiles/kushal-p-singh/","$14.2B","+$124M","-$3.54B","India","Real Estate"
"212","Alejandro Bailleres","https://www.bloomberg.com/billionaires/profiles/alejandro-b-gual/","$14.2B","-$108M","+$8.20B","Mexico","Commodities"
"213","John Doerr","https://www.bloomberg.com/billionaires/profiles/l-j-doerr/","$14.0B","-$34.5M","+$5.00B","United States","Finance"
"214","Ralph Sonnenberg","https://www.bloomberg.com/billionaires/profiles/ralph-sonnenberg/","$14.0B","$0","+$3.21B","Netherlands","Consumer"
"215","Sun Piaoyang","https://www.bloomberg.com/billionaires/profiles/piaoyang-sun/","$14.0B","-$113M","+$3.59B","China","Health Care"
"216","Tobi Lutke","https://www.bloomberg.com/billionaires/profiles/tobias-a-lutke/","$13.9B","-$234M","+$4.59B","Canada","Technology"
"217","Dave Duffield","https://www.bloomberg.com/billionaires/profiles/david-a-duffield/","$13.9B","-$90.3M","-$2.25B","United States","Technology"
"218","Enrique Razon","https://www.bloomberg.com/billionaires/profiles/enrique-k-razon/","$13.9B","-$26.1M","+$4.54B","Philippines","Services"
"219","Nicky Oppenheimer","https://www.bloomberg.com/billionaires/profiles/nicholas-f-oppenheimer/","$13.8B","$0","+$2.30B","South Africa","Diversified"
"220","Tilman Fertitta","https://www.bloomberg.com/billionaires/profiles/tilman-j-fertitta/","$13.8B","+$71.0M","-$1.40B","United States","Entertainment"
"221","Richard Kinder","https://www.bloomberg.com/billionaires/profiles/richard-d-kinder/","$13.8B","-$48.1M","+$773M","United States","Energy"
"222","Zhu Yi","https://www.bloomberg.com/billionaires/profiles/yi-zhu/","$13.8B","+$31.3M","+$5.95B","China","Health Care"
"223","Dang Yanbao","https://www.bloomberg.com/billionaires/profiles/yanbao-dang/","$13.8B","+$102M","+$2.84B","China","Energy"
"224","Bob Duggan","https://www.bloomberg.com/billionaires/profiles/robert-w-duggan/","$13.8B","+$1.46M","+$432M","United States","Health Care"
"225","Lin Bin","https://www.bloomberg.com/billionaires/profiles/bin-lin/","$13.7B","-$22.5M","+$1.74B","United States","Technology"
"226","Wang Weixiu","https://www.bloomberg.com/billionaires/profiles/weixiu-wang/","$13.7B","-$483M","+$11.1B","China","Technology"
"227","Tahir","https://www.bloomberg.com/billionaires/profiles/tahir-tahir/","$13.7B","+$64.9M","+$11.6B","Indonesia","Health Care"
"228","Kenneth Dart","https://www.bloomberg.com/billionaires/profiles/kenneth-b-dart/","$13.6B","-$141M","+$4.42B","Cayman Islands","Finance"
"229","Jay Chaudhry","https://www.bloomberg.com/billionaires/profiles/jagtar-s-chaudhry/","$13.6B","-$146M","+$2.65B","United States","Technology"
"230","Martin Lee","https://www.bloomberg.com/billionaires/profiles/ka-shing-lee/","$13.6B","-$52.1M","+$1.75B","Hong Kong","Real Estate"
"231","Peter Lee","https://www.bloomberg.com/billionaires/profiles/kakit-lee/","$13.6B","-$52.1M","+$1.75B","Hong Kong","Real Estate"
"232","Carl Cook","https://www.bloomberg.com/billionaires/profiles/carl-cook/","$13.4B","-$74.1M","+$1.02B","United States","Health Care"
"233","Tony Ressler","https://www.bloomberg.com/billionaires/profiles/antony-p-ressler/","$13.4B","-$33.2M","+$547M","United States","Finance"
"234","Tom Morris","https://www.bloomberg.com/billionaires/profiles/thomas-j-morris/","$13.3B","-$67.2M","+$6.14B","United Kingdom","Retail"
"235","Hussain Sajwani","https://www.bloomberg.com/billionaires/profiles/hussain-a-sajwani/","$13.3B","+$29.3k","+$10.0B","United Arab Emirates","Real Estate"
"236","Mark Walter","https://www.bloomberg.com/billionaires/profiles/mark-r-walter/","$13.3B","-$82.9M","+$722M","United States","Finance"
"237","Ernest Garcia III","https://www.bloomberg.com/billionaires/profiles/ernest-c-garcia/","$13.2B","-$229M","+$6.92B","United States","Consumer"
"238","David Thomson","https://www.bloomberg.com/billionaires/profiles/david-k-thomson/","$13.2B","-$46.6M","+$1.35B","Canada","Media & Telecom"
"239","Giancarlo Devasini","https://www.bloomberg.com/billionaires/profiles/giancarlo-devasini/","$13.2B","$0","+$4.94B","Italy","Finance"
"240","Charoen Sirivadhanabhakdi","https://www.bloomberg.com/billionaires/profiles/khun-c-sirivadhanabhakdi/","$13.1B","-$42.5M","+$376M","Thailand","Food & Beverage"
"241","Gong Hongjia","https://www.bloomberg.com/billionaires/profiles/hongjia-gong/","$13.0B","+$1.99M","+$1.78B","China","Technology"
"242","Jeffery Hildebrand","https://www.bloomberg.com/billionaires/profiles/jeffery-d-hildebrand/","$13.0B","-$138M","-$5.50B","United States","Energy"
"243","David Cheriton","https://www.bloomberg.com/billionaires/profiles/david-cheriton/","$12.9B","-$92.5M","+$2.21B","Canada","Technology"
"244","Ravi Jaipuria","https://www.bloomberg.com/billionaires/profiles/ravi-k-jaipuria/","$12.9B","+$165M","-$4.36B","India","Consumer"
"245","Michael Platt","https://www.bloomberg.com/billionaires/profiles/michael-e-platt/","$12.8B","$0","+$3.07B","United Kingdom","Finance"
"246","Simon Reuben","https://www.bloomberg.com/billionaires/profiles/simon-reuben/","$12.8B","-$285k","+$1.26B","United Kingdom","Diversified"
"247","David Reuben","https://www.bloomberg.com/billionaires/profiles/david-reuben/","$12.8B","-$285k","+$1.26B","United Kingdom","Diversified"
"248","Josh Harris","https://www.bloomberg.com/billionaires/profiles/joshua-j-harris/","$12.8B","-$45.5M","+$216M","United States","Finance"
"249","Antonia Axson Johnson","https://www.bloomberg.com/billionaires/profiles/antonia-axson-johnson/","$12.8B","-$18.7M","+$3.06B","Sweden","Industrial"
"250","Terry Gou","https://www.bloomberg.com/billionaires/profiles/taiming-gou/","$12.7B","+$38.3M","+$2.80B","Taiwan","Industrial"
"251","Lu Weiding","https://www.bloomberg.com/billionaires/profiles/weiding-lu/","$12.7B","+$327M","+$5.96B","China","Diversified"
"252","Hugh Grosvenor","https://www.bloomberg.com/billionaires/profiles/hugh-r-grosvenor/","$12.6B","$0","-$478M","United Kingdom","Real Estate"
"253","Todd Graves","https://www.bloomberg.com/billionaires/profiles/todd-graves/","$12.5B","-$72.2M","+$2.75B","United States","Consumer"
"254","Vikram Lal","https://www.bloomberg.com/billionaires/profiles/vikram-lal/","$12.4B","+$169M","+$3.67B","India","Industrial"
"255","Theo Albrecht Jr","https://www.bloomberg.com/billionaires/profiles/theo-albrecht/","$12.4B","-$567k","-$2.39B","Germany","Retail"
"256","Thomas Schmidheiny","https://www.bloomberg.com/billionaires/profiles/thomas-m-schmidheiny/","$12.4B","-$27.8M","+$3.98B","Switzerland","Industrial"
"257","Andre Esteves","https://www.bloomberg.com/billionaires/profiles/andre-s-esteves/","$12.4B","-$77.0M","+$5.74B","Brazil","Finance"
"258","Qi Shi","https://www.bloomberg.com/billionaires/profiles/shi-qi/","$12.3B","-$98.6M","-$743M","China","Finance"
"259","Randa Williams","https://www.bloomberg.com/billionaires/profiles/randa-d-williams/","$12.3B","-$8.03M","+$1.57B","United States","Energy"
"260","Laurene Powell Jobs","https://www.bloomberg.com/billionaires/profiles/laurene-p-jobs/","$12.3B","-$53.2M","+$316M","United States","Media & Telecom"
"261","Li Xiting","https://www.bloomberg.com/billionaires/profiles/xiting-li/","$12.3B","-$238M","-$1.80B","Singapore","Health Care"
"262","Dannine Avara","https://www.bloomberg.com/billionaires/profiles/dannine-d-avara/","$12.3B","-$33.0M","+$1.53B","United States","Energy"
"263","Scott Duncan","https://www.bloomberg.com/billionaires/profiles/scott-d-duncan/","$12.3B","-$33.0M","+$1.53B","United States","Energy"
"264","Milane Frantz","https://www.bloomberg.com/billionaires/profiles/milane-d-frantz/","$12.3B","-$7.98M","+$1.56B","United States","Energy"
"265","David Shaw","https://www.bloomberg.com/billionaires/profiles/david-e-shaw/","$12.2B","-$940k","+$1.46B","United States","Finance"
"266","Rafael Del Pino","https://www.bloomberg.com/billionaires/profiles/rafael-d-calvosotelo/","$12.2B","-$54.2M","+$4.14B","Spain","Industrial"
"267","Steven Rales","https://www.bloomberg.com/billionaires/profiles/steven-m-rales/","$12.2B","-$51.3M","+$903M","United States","Industrial"
"268","Dustin Moskovitz","https://www.bloomberg.com/billionaires/profiles/dustin-a-moskovitz/","$12.2B","-$23.3M","-$16.1B","United States","Technology"
"269","Friedhelm Loh","https://www.bloomberg.com/billionaires/profiles/friedhelm-loh/","$12.2B","-$35.6M","+$1.77B","Germany","Diversified"
"270","Martin Lorentzon","https://www.bloomberg.com/billionaires/profiles/martin-lorentzon/","$12.1B","+$80.6M","+$2.54B","Sweden","Technology"
"271","Patrick Soon-Shiong","https://www.bloomberg.com/billionaires/profiles/patrick-soonshiong/","$12.0B","$0","+$1.67B","United States","Health Care"
"272","Marijke Mars","https://www.bloomberg.com/billionaires/profiles/marijke-e-mars/","$12.0B","-$52.5M","+$1.23B","United States","Food & Beverage"
"273","Victoria Mars","https://www.bloomberg.com/billionaires/profiles/victoria-b-mars/","$12.0B","-$52.5M","+$1.23B","United States","Food & Beverage"
"274","Pamela Mars-Wright","https://www.bloomberg.com/billionaires/profiles/pamela-marswright/","$12.0B","-$52.5M","+$1.23B","United States","Food & Beverage"
"275","Valerie Mars","https://www.bloomberg.com/billionaires/profiles/valerie-a-mars/","$12.0B","-$52.5M","+$1.23B","United States","Food & Beverage"
"276","Mark Stevens","https://www.bloomberg.com/billionaires/profiles/mark-a-stevens/","$11.9B","-$36.1M","+$2.63B","United States","Technology"
"277","Ken Fisher","https://www.bloomberg.com/billionaires/profiles/kenneth-l-fisher/","$11.9B","$0","+$6.05B","United States","Finance"
"278","Shari Arison","https://www.bloomberg.com/billionaires/profiles/shari-arison/","$11.9B","-$25.0M","+$3.20B","Israel","Diversified"
"279","Taylor Thomson","https://www.bloomberg.com/billionaires/profiles/taylor-l-thomson/","$11.9B","-$71.7M","+$21.9M","Canada","Media & Telecom"
"280","Peter Thomson","https://www.bloomberg.com/billionaires/profiles/peter-j-thomson/","$11.9B","-$46.7M","+$21.9M","Canada","Media & Telecom"
"281","Wang Wei","https://www.bloomberg.com/billionaires/profiles/wei-wang/","$11.9B","-$6.40M","+$1.74B","China","Services"
"282","Wu Jianshu","https://www.bloomberg.com/billionaires/profiles/jianshu-wu/","$11.8B","-$91.5M","+$4.56B","Hong Kong","Industrial"
"283","John Albert Sobrato","https://www.bloomberg.com/billionaires/profiles/john-a-sobrato/","$11.8B","$0","+$389M","United States","Real Estate"
"284","Alex Gerko","https://www.bloomberg.com/billionaires/profiles/alexander-gerko/","$11.7B","+$2.44M","+$1.36B","United Kingdom","Finance"
"285","Sarath Ratanavadi","https://www.bloomberg.com/billionaires/profiles/sarath-ratanavadi/","$11.6B","-$6.33M","-$3.25B","Thailand","Energy"
"286","Anthony Pratt","https://www.bloomberg.com/billionaires/profiles/anthony-pratt/","$11.6B","$0","-$123M","Australia","Industrial"
"287","Michael Kadoorie","https://www.bloomberg.com/billionaires/profiles/michael-d-kadoorie/","$11.6B","-$14.2M","+$1.20B","Hong Kong","Energy"
"288","Marcel Telles","https://www.bloomberg.com/billionaires/profiles/marcel-h-telles/","$11.6B","-$10.6M","+$2.11B","Brazil","Food & Beverage"
"289","Harold Hamm","https://www.bloomberg.com/billionaires/profiles/harold-g-hamm/","$11.5B","-$163M","-$722M","United States","Energy"
"290","Karel Komarek","https://www.bloomberg.com/billionaires/profiles/karel-komarek/","$11.5B","+$133M","+$1.45B","Czech Republic","Diversified"
"291","Jorge Moll & family","https://www.bloomberg.com/billionaires/profiles/jorge-n-moll-filho/","$11.4B","-$87.0M","+$5.60B","Brazil","Health Care"
"292","Lin Muqin","https://www.bloomberg.com/billionaires/profiles/muqin-lin/","$11.4B","-$15.6M","+$1.42B","China","Consumer"
"293","Graeme Hart","https://www.bloomberg.com/billionaires/profiles/graeme-r-hart/","$11.3B","-$85.7M","+$63.0M","New Zealand","Finance"
"294","Steven Spielberg","https://www.bloomberg.com/billionaires/profiles/steven-a-spielberg/","$11.3B","-$25.0M","+$1.62B","United States","Entertainment"
"295","Haryanto Tjiptodihardjo","https://www.bloomberg.com/billionaires/profiles/haryanto-tjiptodihardjo/","$11.2B","+$53.9M","+$10.1B","Indonesia","Industrial"
"296","Marc Benioff","https://www.bloomberg.com/billionaires/profiles/marc-r-benioff/","$11.2B","-$23.2M","-$453M","United States","Technology"
"297","Cen Junda","https://www.bloomberg.com/billionaires/profiles/junda-cen/","$11.2B","-$150M","+$4.28B","China","Health Care"
"298","Carl Bennet","https://www.bloomberg.com/billionaires/profiles/carl-r-bennet/","$11.1B","-$16.3M","+$2.64B","Sweden","Finance"
"299","Shahid Khan","https://www.bloomberg.com/billionaires/profiles/shahid-r-khan/","$11.1B","-$32.9M","+$1.39B","United States","Consumer"
"300","Chris Hohn","https://www.bloomberg.com/billionaires/profiles/christopher-a-hohn/","$11.1B","-$20.2M","+$2.30B","United Kingdom","Finance"
"301","Sulaiman Al Habib","https://www.bloomberg.com/billionaires/profiles/sulaiman-a-al-habib/","$11.0B","+$224M","-$483M","Saudi Arabia","Health Care"
"302","Ivan Glasenberg","https://www.bloomberg.com/billionaires/profiles/ivan-glasenberg/","$11.0B","+$5.78M","+$2.33B","Switzerland","Commodities"
"303","Frank Lowy","https://www.bloomberg.com/billionaires/profiles/frank-p-lowy/","$11.0B","-$75.0M","+$2.48B","Australia","Real Estate"
"304","Stan Druckenmiller","https://www.bloomberg.com/billionaires/profiles/stanley-f-druckenmiller/","$11.0B","$0","$0","United States","Finance"
"305","Woody Johnson","https://www.bloomberg.com/billionaires/profiles/woody-johnson/","$10.9B","+$62.5k","+$2.17B","United States","Diversified"
"306","Dan Friedkin","https://www.bloomberg.com/billionaires/profiles/thomas-d-friedkin/","$10.9B","-$104M","-$595M","United States","Retail"
"307","Marc Rowan","https://www.bloomberg.com/billionaires/profiles/marc-j-rowan/","$10.9B","-$66.2M","-$6.69M","United States","Finance"
"308","Scott Farquhar","https://www.bloomberg.com/billionaires/profiles/scott-farquhar/","$10.9B","-$38.4M","-$3.81B","Australia","Technology"
"309","Peter Mallouk","https://www.bloomberg.com/billionaires/profiles/peter-mallouk/","$10.9B","$0","+$1.85B","United States","Finance"
"310","Kjeld Kirk Kristiansen","https://www.bloomberg.com/billionaires/profiles/kjeld-k-kristiansen/","$10.8B","-$40.5M","+$3.61B","Denmark","Consumer"
"311","Nusli Wadia","https://www.bloomberg.com/billionaires/profiles/nusli-n-wadia/","$10.8B","+$18.8M","+$1.40B","India","Diversified"
"312","Wei Jianjun","https://www.bloomberg.com/billionaires/profiles/jianjun-wei/","$10.7B","+$60.4M","-$636M","China","Consumer"
"313","Mike Cannon-Brookes","https://www.bloomberg.com/billionaires/profiles/michael-cannonbrookes/","$10.7B","-$42.7M","-$3.95B","Australia","Technology"
"314","Naguib Sawiris","https://www.bloomberg.com/billionaires/profiles/naguib-o-sawiris/","$10.6B","-$7.37M","+$3.73B","Egypt","Media & Telecom"
"315","Thomas Kirk Kristiansen","https://www.bloomberg.com/billionaires/profiles/thomas-k-kristiansen/","$10.6B","-$40.5M","+$3.53B","Denmark","Consumer"
"316","Agnete Kirk Thinggaard","https://www.bloomberg.com/billionaires/profiles/agnete-kirk-thinggaard/","$10.6B","-$65.5M","+$3.53B","Denmark","Consumer"
"317","Abdullah Al Ghurair","https://www.bloomberg.com/billionaires/profiles/abdullah-b-al-ghurair/","$10.6B","-$36.2M","+$1.50B","United Arab Emirates","Diversified"
"318","John Malone","https://www.bloomberg.com/billionaires/profiles/john-c-malone/","$10.6B","-$3.77M","+$1.03B","United States","Media & Telecom"
"319","Viktor Vekselberg","https://www.bloomberg.com/billionaires/profiles/viktor-f-vekselberg/","$10.6B","+$54.5M","+$3.27B","Russian Federation","Industrial"
"320","Robert Smith","https://www.bloomberg.com/billionaires/profiles/robert-f-smith/","$10.6B","$0","-$500M","United States","Finance"
"321","George Kaiser","https://www.bloomberg.com/billionaires/profiles/george-b-kaiser/","$10.5B","-$124M","-$3.80B","United States","Energy"
"322","Yeung Kin-Man","https://www.bloomberg.com/billionaires/profiles/kinman-yeung/","$10.5B","-$123M","+$3.54B","Hong Kong","Technology"
"323","Arthur Blank","https://www.bloomberg.com/billionaires/profiles/arthur-m-blank/","$10.5B","-$49.9M","-$537M","United States","Entertainment"
"324","Luis Sarmiento","https://www.bloomberg.com/billionaires/profiles/luis-c-angulo/","$10.5B","-$91.6M","+$3.68B","Colombia","Finance"
"325","Joseph Tsai","https://www.bloomberg.com/billionaires/profiles/joseph-c-tsai/","$10.4B","-$25.6M","+$3.44B","Canada","Technology"
"326","Daniel Kretinsky","https://www.bloomberg.com/billionaires/profiles/daniel-kretinsky/","$10.4B","-$16.2M","+$3.50B","Czech Republic","Energy"
"327","Georg Schaeffler","https://www.bloomberg.com/billionaires/profiles/georg-f-schaeffler/","$10.4B","$0","+$5.80B","Germany","Industrial"
"328","Suleiman Kerimov","https://www.bloomberg.com/billionaires/profiles/suleiman-a-kerimov/","$10.4B","+$75.0M","+$3.35B","Russian Federation","Commodities"
"329","Murali Divi","https://www.bloomberg.com/billionaires/profiles/murali-k-divi/","$10.3B","+$39.4M","+$84.7M","India","Health Care"
"330","Victor Rashnikov","https://www.bloomberg.com/billionaires/profiles/victor-f-rashnikov/","$10.3B","$0","+$782M","Russian Federation","Industrial"
"331","Ronda Stryker","https://www.bloomberg.com/billionaires/profiles/ronda-e-stryker/","$10.3B","-$44.0M","+$233M","United States","Health Care"
"332","Ray Lee Hunt","https://www.bloomberg.com/billionaires/profiles/ray-l-hunt/","$10.3B","-$37.6M","+$1.40B","United States","Energy"
"333","Les Wexner","https://www.bloomberg.com/billionaires/profiles/leslie-h-wexner/","$10.3B","-$66.8M","+$2.06B","United States","Retail"
"334","Hamdi Ulukaya","https://www.bloomberg.com/billionaires/profiles/hamdi-ulukaya/","$10.2B","-$55.3M","+$871M","Turkey","Food & Beverage"
"335","Willi Liebherr","https://www.bloomberg.com/billionaires/profiles/willi-liebherr/","$10.2B","-$54.5M","+$4.58B","Germany","Industrial"
"336","Isolde Liebherr","https://www.bloomberg.com/billionaires/profiles/isolde-liebherr/","$10.2B","-$54.5M","+$4.58B","Germany","Industrial"
"337","Robin Li","https://www.bloomberg.com/billionaires/profiles/li-yanhong/","$10.2B","-$117M","+$3.48B","China","Technology"
"338","Li Shuirong","https://www.bloomberg.com/billionaires/profiles/shuirong-li/","$10.2B","-$153M","+$2.53B","China","Energy"
"339","Lynn Schusterman","https://www.bloomberg.com/billionaires/profiles/lynn-schusterman/","$10.2B","-$11.1M","+$1.14B","United States","Energy"
"340","Sofie Kirk Kristiansen","https://www.bloomberg.com/billionaires/profiles/sofie-kirk-k-kristiansen/","$10.2B","-$36.3M","+$3.34B","Denmark","Consumer"
"341","Robert Kraft","https://www.bloomberg.com/billionaires/profiles/robert-k-kraft/","$10.2B","-$6.75M","+$1.39B","United States","Entertainment"
"342","Abdulsamad Rabiu","https://www.bloomberg.com/billionaires/profiles/abdul-s-rabiu/","$10.1B","+$137M","+$6.98B","Nigeria","Industrial"
"343","Justin Sun","https://www.bloomberg.com/billionaires/profiles/h-e-justin-sun/","$10.1B","-$93.7M","-$3.26B","Hong Kong","Finance"
"344","Jason Chang","https://www.bloomberg.com/billionaires/profiles/chiensheng-chang/","$10.1B","+$29.7M","+$3.23B","Singapore","Technology"
"345","Mikhail Fridman","https://www.bloomberg.com/billionaires/profiles/mikhail-m-fridman/","$10.1B","+$52.2M","-$4.70B","Russian Federation","Diversified"
"346","Vincent Bollore","https://www.bloomberg.com/billionaires/profiles/vincent-bollore/","$10.1B","-$12.7M","+$393M","France","Diversified"
"347","Jimmy Haslam","https://www.bloomberg.com/billionaires/profiles/james-a-haslam/","$10.0B","$0","+$1.28B","United States","Consumer"
"348","Goh Hup Jin","https://www.bloomberg.com/billionaires/profiles/hup-jin-goh/","$10.0B","-$15.9M","+$455M","Singapore","Industrial"
"349","Ma Jianrong","https://www.bloomberg.com/billionaires/profiles/ma-jianrong/","$10.0B","-$19.2M","+$995M","China","Consumer"
"350","Dennis Washington","https://www.bloomberg.com/billionaires/profiles/dennis-r-washington/","$10.0B","-$35.6M","+$2.21B","United States","Industrial"
"351","Manuel Villar","https://www.bloomberg.com/billionaires/profiles/manuel-b-villar/","$9.94B","-$20.4M","-$12.6B","Philippines","Diversified"
"352","Chen Tao","https://www.bloomberg.com/billionaires/profiles/tao-chen/","$9.93B","-$286M","+$8.45B","China","Technology"
"353","Brian Armstrong","https://www.bloomberg.com/billionaires/profiles/brian-armstrong/","$9.93B","-$213M","-$851M","United States","Technology"
"354","Brian Chesky","https://www.bloomberg.com/billionaires/profiles/brian-j-chesky/","$9.81B","-$79.6M","-$849M","United States","Services"
"355","Dmitry Rybolovlev","https://www.bloomberg.com/billionaires/profiles/dmitry-rybolovlev/","$9.77B","-$2.95M","-$1.20B","Russian Federation","Diversified"
"356","Francesco Gaetano Caltagirone","https://www.bloomberg.com/billionaires/profiles/francesco-g-caltagirone/","$9.73B","$0","+$3.89B","Italy","Diversified"
"357","Natie Kirsh","https://www.bloomberg.com/billionaires/profiles/nathan-kirsh/","$9.71B","+$6.39M","+$384M","South Africa","Food & Beverage"
"358","Patrick G Ryan & family","https://www.bloomberg.com/billionaires/profiles/patrick-g-ryan/","$9.70B","-$106M","-$1.67B","United States","Services"
"359","George Soros","https://www.bloomberg.com/billionaires/profiles/george-soros/","$9.70B","$0","+$3.20B","United States","Finance"
"360","Gayle Benson","https://www.bloomberg.com/billionaires/profiles/gayle-m-benson/","$9.65B","$0","+$1.77B","United States","Entertainment"
"361","Mike Dorrell","https://www.bloomberg.com/billionaires/profiles/michael-b-dorrell/","$9.65B","$0","+$900M","Australia","Finance"
"362","Nassef Sawiris","https://www.bloomberg.com/billionaires/profiles/nassef-o-sawiris/","$9.58B","-$997k","+$894M","Egypt","Industrial"
"363","Samuel Yin","https://www.bloomberg.com/billionaires/profiles/yenliang-yin/","$9.57B","-$46.2M","+$1.32B","Taiwan","Diversified"
"364","Andre Hoffmann","https://www.bloomberg.com/billionaires/profiles/andre-s-hoffmann/","$9.56B","-$26.7M","+$2.78B","Switzerland","Health Care"
"365","Mark Cuban","https://www.bloomberg.com/billionaires/profiles/mark-cuban/","$9.52B","-$25.0M","+$1.65B","United States","Technology"
"366","Juan Carlos Escotet","https://www.bloomberg.com/billionaires/profiles/juan-c-escotet-rodriguez/","$9.51B","-$12.3M","+$4.72B","Venezuela","Finance"
"367","You Xiaoping","https://www.bloomberg.com/billionaires/profiles/xiaoping-you/","$9.51B","-$41.5M","+$2.44B","China","Industrial"
"368","Andrew Karam","https://www.bloomberg.com/billionaires/profiles/andrew-karam/","$9.50B","-$254M","+$4.70B","United States","Technology"
"369","Henry Laufer","https://www.bloomberg.com/billionaires/profiles/henry-b-laufer/","$9.48B","$0","+$1.43B","United States","Finance"
"370","Yi Zheng","https://www.bloomberg.com/billionaires/profiles/zheng-yi/","$9.45B","-$90.4M","+$1.45B","China","Finance"
"371","Maria Angelicoussis","https://www.bloomberg.com/billionaires/profiles/maria-i-angelicoussis/","$9.45B","$0","+$2.84B","Greece","Industrial"
"372","Li Ping","https://www.bloomberg.com/billionaires/profiles/ping-li/","$9.44B","-$38.3M","+$2.78B","China","Industrial"
"373","Marcos Galperin","https://www.bloomberg.com/billionaires/profiles/marcos-e-galperin/","$9.43B","-$23.5M","+$1.49B","Argentina","Technology"
"374","Wang Laisheng","https://www.bloomberg.com/billionaires/profiles/laisheng-wang/","$9.40B","-$157M","+$2.73B","China","Industrial"
"375","Patrick Collison","https://www.bloomberg.com/billionaires/profiles/patrick-collison/","$9.37B","$0","+$2.20B","Ireland","Technology"
"376","John Collison","https://www.bloomberg.com/billionaires/profiles/john-collison/","$9.37B","$0","+$2.20B","Ireland","Technology"
"377","Laurent Dassault","https://www.bloomberg.com/billionaires/profiles/laurent-dassault/","$9.36B","+$18.1M","+$1.05B","France","Diversified"
"378","Marie-Helene Habert-Dassault","https://www.bloomberg.com/billionaires/profiles/mariehelene-habertdassault/","$9.36B","+$17.4M","+$1.05B","France","Diversified"
"379","Thierry Dassault","https://www.bloomberg.com/billionaires/profiles/thierry-dassault/","$9.36B","+$17.4M","+$1.05B","France","Diversified"
"380","Eric Smidt","https://www.bloomberg.com/billionaires/profiles/eric-l-smidt/","$9.36B","-$22.7M","+$781M","United States","Retail"
"381","Michael Kim","https://www.bloomberg.com/billionaires/profiles/michael-b-kim/","$9.34B","$0","+$191M","United States","Finance"
"382","Magdalena Martullo","https://www.bloomberg.com/billionaires/profiles/magdalena-martulloblocher/","$9.33B","-$1.55M","+$1.46B","Switzerland","Industrial"
"383","Linda Campbell","https://www.bloomberg.com/billionaires/profiles/linda-campbell/","$9.33B","-$61.0M","+$1.87M","Canada","Media & Telecom"
"384","Gaye Farncombe","https://www.bloomberg.com/billionaires/profiles/gaye-farncombe/","$9.33B","-$61.0M","+$1.87M","Canada","Media & Telecom"
"385","Zeng Fangqin","https://www.bloomberg.com/billionaires/profiles/fangqin-zeng/","$9.26B","-$159M","+$4.71B","China","Industrial"
"386","Rahul Bhatia","https://www.bloomberg.com/billionaires/profiles/rahul-bhatia/","$9.24B","+$56.1M","+$603M","India","Consumer"
"387","Nathan Blecharczyk","https://www.bloomberg.com/billionaires/profiles/nathan-blecharczyk/","$9.23B","-$74.1M","+$372M","United States","Services"
"388","Pang Kang","https://www.bloomberg.com/billionaires/profiles/kang-pang/","$9.21B","-$68.0M","-$2.08B","China","Food & Beverage"
"389","Tammy Gustavson","https://www.bloomberg.com/billionaires/profiles/tamara-h-gustavson/","$9.20B","-$30.9M","-$78.9M","United States","Services"
"390","Yat-Gai Au","https://www.bloomberg.com/billionaires/profiles/yatgai-au/","$9.20B","-$832M","+$9.14B","Hong Kong","Health Care"
"391","Maria Asuncion Aramburuzabala","https://www.bloomberg.com/billionaires/profiles/maria-a-aramburuzabala/","$9.18B","-$85.5k","+$1.54B","Mexico","Diversified"
"392","Mangal Prabhat Lodha","https://www.bloomberg.com/billionaires/profiles/mangal-p-lodha/","$9.17B","+$26.8M","-$3.05B","India","Real Estate"
"393","Clive Calder","https://www.bloomberg.com/billionaires/profiles/clive-calder/","$9.15B","$0","+$1.15B","United Kingdom","Entertainment"
"394","Jon Gray","https://www.bloomberg.com/billionaires/profiles/jonathan-d-gray/","$9.15B","-$52.5M","-$386M","United States","Finance"
"395","David Geffen","https://www.bloomberg.com/billionaires/profiles/david-geffen/","$9.10B","$0","$0","United States","Entertainment"
"396","Gwendolyn Sontheim Meyer","https://www.bloomberg.com/billionaires/profiles/gwendolyn-s-meyer/","$9.08B","$0","+$2.50B","United States","Commodities"
"397","Pauline Keinath","https://www.bloomberg.com/billionaires/profiles/pauline-m-keinath/","$9.08B","$0","+$2.50B","United States","Commodities"
"398","Andrey Guryev","https://www.bloomberg.com/billionaires/profiles/andrey-g-guryev/","$9.05B","+$107M","+$251M","Russian Federation","Industrial"
"399","Jim Davis","https://www.bloomberg.com/billionaires/profiles/james-c-davis/","$9.05B","-$80.4M","+$3.81B","United States","Services"
"400","Cai Haoyu","https://www.bloomberg.com/billionaires/profiles/haoyu-cai/","$9.03B","-$6.19M","+$1.73B","China","Entertainment"
"401","Hansjoerg Wyss","https://www.bloomberg.com/billionaires/profiles/hansjoerg-wyss/","$9.01B","-$2.36M","-$2.61B","Switzerland","Health Care"
"402","Michael Rubin","https://www.bloomberg.com/billionaires/profiles/michael-g-rubin/","$9.00B","$0","-$861M","United States","Retail"
"403","Leonid Fedun","https://www.bloomberg.com/billionaires/profiles/leonid-fedun/","$8.98B","+$125M","-$1.10B","Russian Federation","Energy"
"404","Jude Reyes","https://www.bloomberg.com/billionaires/profiles/m-j-reyes/","$8.93B","$0","-$190M","United States","Consumer"
"405","Chris Reyes","https://www.bloomberg.com/billionaires/profiles/j-c-reyes/","$8.93B","$0","-$190M","United States","Consumer"
"406","Todd Boehly","https://www.bloomberg.com/billionaires/profiles/todd-boehly/","$8.87B","-$12.8M","+$1.43B","United States","Diversified"
"407","Otto Toto Sugiri","https://www.bloomberg.com/billionaires/profiles/otto-t-sugiri/","$8.87B","+$42.1M","+$6.86B","Indonesia","Technology"
"408","Rahel Blocher","https://www.bloomberg.com/billionaires/profiles/rahel-blocher/","$8.81B","-$26.5M","+$1.31B","Switzerland","Industrial"
"409","Trevor Rees-Jones","https://www.bloomberg.com/billionaires/profiles/trevor-d-reesjones/","$8.81B","-$35.0M","+$915M","United States","Energy"
"410","Geoffrey Kwok","https://www.bloomberg.com/billionaires/profiles/kaichun-kwok/","$8.75B","-$26.1M","+$1.84B","Hong Kong","Real Estate"
"411","Liu Yonghao","https://www.bloomberg.com/billionaires/profiles/yonghao-liu/","$8.74B","-$28.2M","+$1.26B","China","Diversified"
"412","Tony James","https://www.bloomberg.com/billionaires/profiles/hamilton-e-james/","$8.73B","-$35.3M","+$782M","United States","Finance"
"413","Yasumitsu Shigeta","https://www.bloomberg.com/billionaires/profiles/yasumitsu-shigeta/","$8.73B","-$8.52M","+$1.69B","Japan","Media & Telecom"
"414","Joe Ricketts","https://www.bloomberg.com/billionaires/profiles/john-j-ricketts/","$8.72B","$0","+$1.01B","United States","Finance"
"415","Pedro Moreira Salles","https://www.bloomberg.com/billionaires/profiles/pedro-m-salles/","$8.67B","-$46.5M","+$2.40B","Brazil","Finance"
"416","Pat Stryker","https://www.bloomberg.com/billionaires/profiles/patricia-a-stryker/","$8.63B","-$49.8M","+$540M","United States","Health Care"
"417","Vera Michalski-Hoffmann","https://www.bloomberg.com/billionaires/profiles/vera-michalskihoffmann/","$8.63B","-$1.72M","+$2.55B","Switzerland","Health Care"
"418","Maja Hoffmann","https://www.bloomberg.com/billionaires/profiles/maja-hoffmann/","$8.63B","-$1.72M","+$2.55B","Switzerland","Health Care"
"419","Bill Ackman","https://www.bloomberg.com/billionaires/profiles/william-a-ackman/","$8.60B","+$31.0M","+$832M","United States","Finance"
"420","Wang Laichun","https://www.bloomberg.com/billionaires/profiles/laichun-wang/","$8.59B","-$157M","+$2.68B","China","Industrial"
"421","Richard Tsai","https://www.bloomberg.com/billionaires/profiles/minghsing-tsai/","$8.59B","-$80.4M","+$1.15B","Taiwan","Finance"
"422","Gary Rollins","https://www.bloomberg.com/billionaires/profiles/gary-w-rollins/","$8.58B","-$43.0M","+$1.73B","United States","Industrial"
"423","Jeff Skoll","https://www.bloomberg.com/billionaires/profiles/jeffrey-s-skoll/","$8.58B","$0","+$1.35B","United States","Technology"
"424","Min Kao","https://www.bloomberg.com/billionaires/profiles/min-h-kao/","$8.57B","-$40.8M","+$767M","United States","Technology"
"425","David Filo","https://www.bloomberg.com/billionaires/profiles/david-filo/","$8.55B","$0","+$1.43B","United States","Technology"
"426","Joe Gebbia","https://www.bloomberg.com/billionaires/profiles/joseph-gebbia/","$8.55B","-$45.3M","+$258M","United States","Services"
"427","Don Hankey","https://www.bloomberg.com/billionaires/profiles/don-r-hankey/","$8.54B","-$116M","+$2.55B","United States","Finance"
"428","Joe Lewis","https://www.bloomberg.com/billionaires/profiles/joseph-c-lewis/","$8.54B","-$48.2M","+$691M","United Kingdom","Diversified"
"429","Mohammed Al Amoudi","https://www.bloomberg.com/billionaires/profiles/mohammed-al-amoudi/","$8.47B","-$4.48M","-$388M","Saudi Arabia","Energy"
"430","Margot Perot & family","https://www.bloomberg.com/billionaires/profiles/margot-b-perot/","$8.43B","-$25.0M","+$1.40B","United States","Diversified"
"431","Dhanin Chearavanont","https://www.bloomberg.com/billionaires/profiles/dhanin-chearavanont/","$8.42B","-$50.7M","+$2.32B","Thailand","Retail"
"432","Pankaj Patel","https://www.bloomberg.com/billionaires/profiles/pankajbhai-r-patel/","$8.42B","+$114M","-$745M","India","Health Care"
"433","Forrest Li","https://www.bloomberg.com/billionaires/profiles/xiaodong-li/","$8.41B","-$49.6M","+$1.25B","Singapore","Technology"
"434","Leonard Stern","https://www.bloomberg.com/billionaires/profiles/leonard-n-stern/","$8.38B","-$25.0M","+$750M","United States","Real Estate"
"435","Mat Ishbia","https://www.bloomberg.com/billionaires/profiles/mat-ishbia/","$8.37B","-$42.1M","+$2.10B","United States","Finance"
"436","Vladimir Kim","https://www.bloomberg.com/billionaires/profiles/vladimir-s-kim/","$8.37B","+$16.0M","+$1.31B","Kazakhstan","Commodities"
"437","Fernando Moreira Salles","https://www.bloomberg.com/billionaires/profiles/fernando-r-moreira-salles/","$8.37B","-$20.0M","+$2.09B","Brazil","Finance"
"438","Leaf Hua Li","https://www.bloomberg.com/billionaires/profiles/hua-li/","$8.36B","-$53.5M","+$4.33B","China","Technology"
"439","Daniel Tsai","https://www.bloomberg.com/billionaires/profiles/ming-chung-tsai/","$8.31B","-$76.2M","+$1.14B","Taiwan","Finance"
"440","Juan Roig","https://www.bloomberg.com/billionaires/profiles/juan-roig-alfonso/","$8.30B","-$7.27M","+$2.19B","Spain","Food & Beverage"
"441","Carlos Sicupira","https://www.bloomberg.com/billionaires/profiles/carlos-a-veiga-sicupira/","$8.28B","-$30.3M","+$1.08B","Brazil","Food & Beverage"
"442","Zhang Congyuan","https://www.bloomberg.com/billionaires/profiles/congyuan-zhang/","$8.26B","-$99.6M","-$3.19B","Taiwan","Industrial"
"443","Johnny Morris","https://www.bloomberg.com/billionaires/profiles/john-l-morris/","$8.24B","-$50.8M","+$795M","United States","Retail"
"444","Alain Merieux","https://www.bloomberg.com/billionaires/profiles/alain-merieux/","$8.21B","+$7.00M","+$1.51B","France","Health Care"
"445","Kelcy Warren","https://www.bloomberg.com/billionaires/profiles/kelcy-l-warren/","$8.20B","-$15.3M","-$198M","United States","Energy"
"446","Mitchell Rales","https://www.bloomberg.com/billionaires/profiles/mitchell-p-rales/","$8.19B","-$48.5M","+$22.6M","United States","Industrial"
"447","Piero Ferrari","https://www.bloomberg.com/billionaires/profiles/piero-ferrari/","$8.19B","-$55.2M","-$686M","Italy","Consumer"
"448","Ivar Tollefsen","https://www.bloomberg.com/billionaires/profiles/ivar-e-tollefsen/","$8.16B","-$16.2M","+$2.61B","Norway","Real Estate"
"449","Zhang Hongchao","https://www.bloomberg.com/billionaires/profiles/hongchao-zhang/","$8.16B","-$373M","+$4.14B","China","Food & Beverage"
"450","Liz Mohn","https://www.bloomberg.com/billionaires/profiles/elisabeth-mohn/","$8.16B","-$37.5M","+$1.54B","Germany","Media & Telecom"
"451","Zhang Hongfu","https://www.bloomberg.com/billionaires/profiles/hongfu-zhang/","$8.15B","-$372M","+$4.12B","China","Food & Beverage"
"452","Roman Abramovich","https://www.bloomberg.com/billionaires/profiles/roman-a-abramovich/","$8.10B","$0","+$1.19B","Russian Federation","Diversified"
"453","Inder Jaisinghani","https://www.bloomberg.com/billionaires/profiles/inder-t-jaisinghani/","$8.10B","+$120M","+$21.7M","India","Consumer"
"454","Xu Gaoming","https://www.bloomberg.com/billionaires/profiles/gaoming-xu/","$8.08B","-$154M","+$4.94B","China","Retail"
"455","Ding Shizhong","https://www.bloomberg.com/billionaires/profiles/shizhong-ding/","$8.08B","+$6.55M","+$847M","China","Consumer"
"456","Edward Roski","https://www.bloomberg.com/billionaires/profiles/edward-p-roski/","$8.05B","-$25.0M","+$726M","United States","Real Estate"
"457","Cho Jung-Ho","https://www.bloomberg.com/billionaires/profiles/jung-ho-cho/","$8.03B","-$25.4M","+$865M","Korea, Republic of","Finance"
"458","Dan Cathy","https://www.bloomberg.com/billionaires/profiles/dan-t-cathy/","$8.02B","-$21.0M","+$21.2M","United States","Food & Beverage"
"459","Bubba Cathy","https://www.bloomberg.com/billionaires/profiles/donald-m-cathy/","$8.02B","-$21.0M","+$21.2M","United States","Food & Beverage"
"460","Daniel Ek","https://www.bloomberg.com/billionaires/profiles/daniel-ek/","$8.02B","+$50.3M","+$1.21B","Sweden","Technology"
"461","John Krystynak","https://www.bloomberg.com/billionaires/profiles/john-krystynak/","$8.00B","-$216M","+$3.98B","United States","Technology"
"462","Jeffrey Lurie","https://www.bloomberg.com/billionaires/profiles/jeffrey-r-lurie/","$8.00B","$0","+$1.92B","United States","Entertainment"
"463","Remon Vos","https://www.bloomberg.com/billionaires/profiles/remon-l-vos/","$7.99B","-$640k","+$2.27B","Netherlands","Real Estate"
"464","Gordon Getty","https://www.bloomberg.com/billionaires/profiles/gordon-p-getty/","$7.95B","-$25.0M","+$1.20B","United States","Consumer"
"465","Edward Cadogan","https://www.bloomberg.com/billionaires/profiles/edward-c-cadogan/","$7.94B","-$25.0M","+$860M","United Kingdom","Real Estate"
"466","John Grayken","https://www.bloomberg.com/billionaires/profiles/john-p-grayken/","$7.93B","-$43.9M","-$2.53B","Ireland","Finance"
"467","Bob Rich","https://www.bloomberg.com/billionaires/profiles/robert-e-rich/","$7.93B","$0","-$808M","United States","Food & Beverage"
"468","Dmitry Bukhman","https://www.bloomberg.com/billionaires/profiles/dmitry-bukhman/","$7.92B","-$8.64M","+$1.70B","Israel","Technology"
"469","Zhou Chaonan","https://www.bloomberg.com/billionaires/profiles/chaonan-zhou/","$7.89B","+$205M","+$539M","China","Technology"
"470","Tatyana Kim","https://www.bloomberg.com/billionaires/profiles/tatyana-kim/","$7.89B","+$16.5M","+$515M","Russian Federation","Technology"
"471","Igor Bukhman","https://www.bloomberg.com/billionaires/profiles/igor-bukhman/","$7.88B","-$33.6M","+$1.66B","Israel","Technology"
"472","Iskandar Makhmudov","https://www.bloomberg.com/billionaires/profiles/iskandar-makhmudov/","$7.88B","+$33.2M","+$4.75B","Russian Federation","Commodities"
"473","Sudhir Mehta","https://www.bloomberg.com/billionaires/profiles/sudhir-u-mehta/","$7.87B","+$93.5M","+$330M","India","Health Care"
"474","Samir Mehta","https://www.bloomberg.com/billionaires/profiles/samir-u-mehta/","$7.87B","+$93.5M","+$331M","India","Health Care"
"475","Riley Bechtel","https://www.bloomberg.com/billionaires/profiles/riley-p-bechtel/","$7.86B","-$78.3M","+$4.92B","United States","Services"
"476","Blair Parry-Okeden","https://www.bloomberg.com/billionaires/profiles/blair-k-parryokeden/","$7.86B","-$13.9M","-$419M","United States","Media & Telecom"
"477","Jim Kennedy","https://www.bloomberg.com/billionaires/profiles/james-c-kennedy/","$7.86B","-$13.9M","-$419M","United States","Media & Telecom"
"478","Stefano Pessina","https://www.bloomberg.com/billionaires/profiles/stefano-pessina/","$7.86B","-$25.0M","+$1.29B","Monaco","Retail"
"479","Xu Hang","https://www.bloomberg.com/billionaires/profiles/hang-xu/","$7.85B","-$126M","-$632M","Hong Kong","Health Care"
"480","Wang Xing","https://www.bloomberg.com/billionaires/profiles/xing-wang/","$7.85B","-$87.3M","-$3.59B","China","Technology"
"481","Kerry Stokes","https://www.bloomberg.com/billionaires/profiles/kerry-m-stokes/","$7.85B","-$95.7M","+$859M","Australia","Industrial"
"482","Denise York","https://www.bloomberg.com/billionaires/profiles/marie-d-york/","$7.83B","$0","+$1.54B","United States","Entertainment"
"483","Jim Davis","https://www.bloomberg.com/billionaires/profiles/james-s-davis/","$7.82B","+$236M","+$1.52B","United States","Consumer"
"484","Scott Cook","https://www.bloomberg.com/billionaires/profiles/scott-d-cook/","$7.81B","-$46.4M","+$749M","United States","Technology"
"485","John Brown","https://www.bloomberg.com/billionaires/profiles/john-w-brown/","$7.77B","-$54.1M","+$2.93M","United States","Technology"
"486","Chip Wilson","https://www.bloomberg.com/billionaires/profiles/dennis-j-wilson/","$7.69B","-$69.1M","-$599M","Canada","Retail"
"487","Wang Yusuo","https://www.bloomberg.com/billionaires/profiles/yusuo-wang/","$7.69B","-$2.73M","+$3.48B","China","Energy"
"488","Ding Shijia","https://www.bloomberg.com/billionaires/profiles/shijia-ding/","$7.69B","-$17.9M","+$788M","China","Consumer"
"489","David Steward","https://www.bloomberg.com/billionaires/profiles/david-l-steward/","$7.68B","-$112M","-$2.24B","United States","Technology"
"490","Fan Hongwei","https://www.bloomberg.com/billionaires/profiles/hongwei-fan/","$7.68B","+$28.4M","+$2.43B","China","Energy"
"491","Li Ge","https://www.bloomberg.com/billionaires/profiles/ge-li/","$7.66B","-$45.1M","+$2.30B","United States","Health Care"
"492","Massimiliana Landini Aleotti","https://www.bloomberg.com/billionaires/profiles/massimiliana-l-aleotti/","$7.64B","-$1.72M","+$1.01B","Italy","Health Care"
"493","Tsai Hung-Tu","https://www.bloomberg.com/billionaires/profiles/hongtu-tsai/","$7.59B","-$37.5M","+$1.40B","Taiwan","Finance"
"494","Ricardo Salinas","https://www.bloomberg.com/billionaires/profiles/ricardo-b-salinas-pliego/","$7.56B","-$16.0M","+$2.17B","Mexico","Diversified"
"495","Bruce Kovner","https://www.bloomberg.com/billionaires/profiles/bruce-s-kovner/","$7.50B","$0","+$1.15B","United States","Finance"
"496","Marian Ilitch","https://www.bloomberg.com/billionaires/profiles/marian-ilitch/","$7.49B","-$39.0M","+$1.22B","United States","Food & Beverage"
"497","Antti Herlin","https://www.bloomberg.com/billionaires/profiles/antti-j-herlin/","$7.41B","+$473k","+$2.32B","Finland","Industrial"
"498","Ronald McAulay","https://www.bloomberg.com/billionaires/profiles/ronald-j-mcaulay/","$7.40B","-$6.68M","+$753M","Hong Kong","Energy"
"499","Mark Scheinberg","https://www.bloomberg.com/billionaires/profiles/mark-scheinberg/","$7.39B","-$673k","+$712M","Isle of Man","Entertainment"
"500","Ron Wanek","https://www.bloomberg.com/billionaires/profiles/ronald-wanek/","$7.37B","-$48.3M","-$699M","United States","Retail"